file_name,rule_id,rule_name,checker_key,source_key,severity,line_start,line_end,code_snippet,message,is_mapped_to_excel
CA2_Na2SO3_VALVE.pnl,CTL_RES_001,메모리 누수 체크,ctl.dp_connect_pair,성능|시스템 부하 및 성능 최적화|메모리 누수 체크,Medium,36,36,"dpConnect(\""CB_value_textfield_dpid\"", obj_delaysp);",[CTL_RES_001] 위반: 메모리 누수 체크,True
CA2_Na2SO3_VALVE.pnl,CTL_RES_001,메모리 누수 체크,ctl.dp_connect_pair,성능|시스템 부하 및 성능 최적화|메모리 누수 체크,Medium,37,37,"dpConnect(\""CB_value_textfield_dpid\"", obj_interlocksp);",[CTL_RES_001] 위반: 메모리 누수 체크,True
CA2_Na2SO3_VALVE.pnl,CTL_RES_001,메모리 누수 체크,ctl.dp_connect_pair,성능|시스템 부하 및 성능 최적화|메모리 누수 체크,Medium,38,38,"dpConnect(\""CB_value_textfield_dpid\"", obj_interlockdbsp);",[CTL_RES_001] 위반: 메모리 누수 체크,True
CA2_Na2SO3_VALVE.pnl,CTL_RES_001,메모리 누수 체크,ctl.dp_connect_pair,성능|시스템 부하 및 성능 최적화|메모리 누수 체크,Medium,39,39,"dpConnect(\""CB_value_textfield_dpid\"", obj_closesp);",[CTL_RES_001] 위반: 메모리 누수 체크,True
CA2_Na2SO3_VALVE.pnl,CTL_RES_001,메모리 누수 체크,ctl.dp_connect_pair,성능|시스템 부하 및 성능 최적화|메모리 누수 체크,Medium,40,40,"dpConnect(\""CB_value_textfield_dpid\"", obj_deadbandsp);",[CTL_RES_001] 위반: 메모리 누수 체크,True
CA2_Na2SO3_VALVE.pnl,CTL_RES_001,메모리 누수 체크,ctl.dp_connect_pair,성능|시스템 부하 및 성능 최적화|메모리 누수 체크,Medium,41,41,"dpConnect(\""CB_value_textfield_dpid\"", obj_openvvsp);",[CTL_RES_001] 위반: 메모리 누수 체크,True
CA2_Na2SO3_VALVE.pnl,CTL_RES_001,메모리 누수 체크,ctl.dp_connect_pair,성능|시스템 부하 및 성능 최적화|메모리 누수 체크,Medium,42,42,"dpConnect(\""CB_value_textfield_dpid\"", obj_closevvsp);",[CTL_RES_001] 위반: 메모리 누수 체크,True
CA2_Na2SO3_VALVE.pnl,CTL_RES_001,메모리 누수 체크,ctl.dp_connect_pair,성능|시스템 부하 및 성능 최적화|메모리 누수 체크,Medium,43,43,"dpConnect(\""CB_value_textfield_dpid\"", obj_minvvsp);",[CTL_RES_001] 위반: 메모리 누수 체크,True
CA2_Na2SO3_VALVE.pnl,CTL_RES_001,메모리 누수 체크,ctl.dp_connect_pair,성능|시스템 부하 및 성능 최적화|메모리 누수 체크,Medium,44,44,"dpConnect(\""CB_value_textfield_dpid\"", obj_assset);",[CTL_RES_001] 위반: 메모리 누수 체크,True
CA2_Na2SO3_VALVE.pnl,CTL_RES_001,메모리 누수 체크,ctl.dp_connect_pair,성능|시스템 부하 및 성능 최적화|메모리 누수 체크,Medium,45,45,"dpConnect(\""CB_value_textfield_dpid\"", dp_lastval);",[CTL_RES_001] 위반: 메모리 누수 체크,True
CA2_Na2SO3_VALVE.pnl,CTL_RES_001,메모리 누수 체크,ctl.dp_connect_pair,성능|시스템 부하 및 성능 최적화|메모리 누수 체크,Medium,46,46,"dpConnect(\""CB_value_textfield_dpid\"", dp_orplastval);",[CTL_RES_001] 위반: 메모리 누수 체크,True
CA2_Na2SO3_VALVE.pnl,CTL_RES_001,메모리 누수 체크,ctl.dp_connect_pair,성능|시스템 부하 및 성능 최적화|메모리 누수 체크,Medium,47,47,"dpConnect(\""CB_value_textfield_dpid\"", obj_orpsp);",[CTL_RES_001] 위반: 메모리 누수 체크,True
CA2_Na2SO3_VALVE.pnl,CTL_RES_001,메모리 누수 체크,ctl.dp_connect_pair,성능|시스템 부하 및 성능 최적화|메모리 누수 체크,Medium,48,48,"dpConnect(\""CB_value_check_box_sp\"", dp_select1);",[CTL_RES_001] 위반: 메모리 누수 체크,True
CA2_Na2SO3_VALVE.pnl,CTL_RES_001,메모리 누수 체크,ctl.dp_connect_pair,성능|시스템 부하 및 성능 최적화|메모리 누수 체크,Medium,50,50,"dpConnect(\""mode_change\"",$DP3 + \"".value.ORP_MODE_RESULT\"");",[CTL_RES_001] 위반: 메모리 누수 체크,True
CA2_Na2SO3_VALVE.pnl,CTL_RES_001,메모리 누수 체크,ctl.dp_connect_pair,성능|시스템 부하 및 성능 최적화|메모리 누수 체크,Medium,2305,2305,"dpConnect(\""CB_user_reverse_check_box\"", $DP3 + \"".cmd.ORP_USE\"");",[CTL_RES_001] 위반: 메모리 누수 체크,True
CA2_Na2SO3_VALVE.pnl,CTL_ERR_002,"Try, Catch 예외처리",ctl.try_catch,"공통|예외처리|Try, Catch 예외처리",Medium,2305,2305,"dpConnect(\""CB_user_reverse_check_box\"", $DP3 + \"".cmd.ORP_USE\"");","[CTL_ERR_002] 위반: Try, Catch 예외처리",True
CA2_Na2SO3_VALVE_pnl.txt,MANUAL-005,적절한 DP 처리 함수 사용,,성능|시스템 부하 및 성능 최적화|적절한 DP 처리 함수 사용_2,Info,40,40,"dpConnect(""CB_value_check_box_sp"", dp_select1);","[MANUAL_REVIEW] Raima DB 증가 방지: 1) DP 알람 설정 값 변경 시 dpSetTimed(0, dpe, value)를 사용하였는가? - dpSetTimed를 사용하지 않을 경우 설정 값에 대한 변경 이력이 Raima에 기록되어 Raima DB 증가",True
CA2_Na2SO3_VALVE_pnl.txt,MANUAL-005,적절한 DP 처리 함수 사용,,성능|시스템 부하 및 성능 최적화|적절한 DP 처리 함수 사용_2,Info,28,28,"dpConnect(""CB_value_textfield_dpid"", obj_delaysp);","[MANUAL_REVIEW] Raima DB 증가 방지: 1) DP 알람 설정 값 변경 시 dpSetTimed(0, dpe, value)를 사용하였는가? - dpSetTimed를 사용하지 않을 경우 설정 값에 대한 변경 이력이 Raima에 기록되어 Raima DB 증가",True
CA2_Na2SO3_VALVE_pnl.txt,CTL_RES_001,메모리 누수 체크,ctl.dp_connect_pair,성능|시스템 부하 및 성능 최적화|메모리 누수 체크,Medium,28,28,"dpConnect(""CB_value_textfield_dpid"", obj_delaysp);",[CTL_RES_001] 위반: 메모리 누수 체크,True
CA2_Na2SO3_VALVE_pnl.txt,CTL_RES_001,메모리 누수 체크,ctl.dp_connect_pair,성능|시스템 부하 및 성능 최적화|메모리 누수 체크,Medium,29,29,"dpConnect(""CB_value_textfield_dpid"", obj_interlocksp);",[CTL_RES_001] 위반: 메모리 누수 체크,True
CA2_Na2SO3_VALVE_pnl.txt,CTL_RES_001,메모리 누수 체크,ctl.dp_connect_pair,성능|시스템 부하 및 성능 최적화|메모리 누수 체크,Medium,30,30,"dpConnect(""CB_value_textfield_dpid"", obj_interlockdbsp);",[CTL_RES_001] 위반: 메모리 누수 체크,True
CA2_Na2SO3_VALVE_pnl.txt,CTL_RES_001,메모리 누수 체크,ctl.dp_connect_pair,성능|시스템 부하 및 성능 최적화|메모리 누수 체크,Medium,31,31,"dpConnect(""CB_value_textfield_dpid"", obj_closesp);",[CTL_RES_001] 위반: 메모리 누수 체크,True
CA2_Na2SO3_VALVE_pnl.txt,CTL_RES_001,메모리 누수 체크,ctl.dp_connect_pair,성능|시스템 부하 및 성능 최적화|메모리 누수 체크,Medium,32,32,"dpConnect(""CB_value_textfield_dpid"", obj_deadbandsp);",[CTL_RES_001] 위반: 메모리 누수 체크,True
CA2_Na2SO3_VALVE_pnl.txt,CTL_RES_001,메모리 누수 체크,ctl.dp_connect_pair,성능|시스템 부하 및 성능 최적화|메모리 누수 체크,Medium,33,33,"dpConnect(""CB_value_textfield_dpid"", obj_openvvsp);",[CTL_RES_001] 위반: 메모리 누수 체크,True
CA2_Na2SO3_VALVE_pnl.txt,CTL_RES_001,메모리 누수 체크,ctl.dp_connect_pair,성능|시스템 부하 및 성능 최적화|메모리 누수 체크,Medium,34,34,"dpConnect(""CB_value_textfield_dpid"", obj_closevvsp);",[CTL_RES_001] 위반: 메모리 누수 체크,True
CA2_Na2SO3_VALVE_pnl.txt,CTL_RES_001,메모리 누수 체크,ctl.dp_connect_pair,성능|시스템 부하 및 성능 최적화|메모리 누수 체크,Medium,35,35,"dpConnect(""CB_value_textfield_dpid"", obj_minvvsp);",[CTL_RES_001] 위반: 메모리 누수 체크,True
CA2_Na2SO3_VALVE_pnl.txt,CTL_RES_001,메모리 누수 체크,ctl.dp_connect_pair,성능|시스템 부하 및 성능 최적화|메모리 누수 체크,Medium,36,36,"dpConnect(""CB_value_textfield_dpid"", obj_assset);",[CTL_RES_001] 위반: 메모리 누수 체크,True
CA2_Na2SO3_VALVE_pnl.txt,CTL_RES_001,메모리 누수 체크,ctl.dp_connect_pair,성능|시스템 부하 및 성능 최적화|메모리 누수 체크,Medium,37,37,"dpConnect(""CB_value_textfield_dpid"", dp_lastval);",[CTL_RES_001] 위반: 메모리 누수 체크,True
CA2_Na2SO3_VALVE_pnl.txt,CTL_RES_001,메모리 누수 체크,ctl.dp_connect_pair,성능|시스템 부하 및 성능 최적화|메모리 누수 체크,Medium,38,38,"dpConnect(""CB_value_textfield_dpid"", dp_orplastval);",[CTL_RES_001] 위반: 메모리 누수 체크,True
CA2_Na2SO3_VALVE_pnl.txt,CTL_RES_001,메모리 누수 체크,ctl.dp_connect_pair,성능|시스템 부하 및 성능 최적화|메모리 누수 체크,Medium,39,39,"dpConnect(""CB_value_textfield_dpid"", obj_orpsp);",[CTL_RES_001] 위반: 메모리 누수 체크,True
CA2_Na2SO3_VALVE_pnl.txt,CTL_RES_001,메모리 누수 체크,ctl.dp_connect_pair,성능|시스템 부하 및 성능 최적화|메모리 누수 체크,Medium,40,40,"dpConnect(""CB_value_check_box_sp"", dp_select1);",[CTL_RES_001] 위반: 메모리 누수 체크,True
CA2_Na2SO3_VALVE_pnl.txt,CTL_RES_001,메모리 누수 체크,ctl.dp_connect_pair,성능|시스템 부하 및 성능 최적화|메모리 누수 체크,Medium,42,42,"dpConnect(""mode_change"",$DP3 + "".value.ORP_MODE_RESULT"");",[CTL_RES_001] 위반: 메모리 누수 체크,True
CA2_Na2SO3_VALVE_pnl.txt,CTL_RES_001,메모리 누수 체크,ctl.dp_connect_pair,성능|시스템 부하 및 성능 최적화|메모리 누수 체크,Medium,436,436,dpConnect(\] [0] - [main],[CTL_RES_001] 위반: 메모리 누수 체크,True
CA2_Na2SO3_VALVE_pnl.txt,CTL_RES_001,메모리 누수 체크,ctl.dp_connect_pair,성능|시스템 부하 및 성능 최적화|메모리 누수 체크,Medium,440,440,"dpConnect(""CB_user_reverse_check_box"", $DP3 + "".cmd.ORP_USE"");",[CTL_RES_001] 위반: 메모리 누수 체크,True
GoldenTime_todo (2).ctl.txt,MANUAL-005,적절한 DP 처리 함수 사용,,성능|시스템 부하 및 성능 최적화|적절한 DP 처리 함수 사용_2,Info,80,80,"dpConnect(""CB_ChangeActiveCondition"", manager_dpname + "".Action.ActiveCondition"");","[MANUAL_REVIEW] 적절한 DP 처리 함수 사용: 2) 비동기 처리(dpConnect, dpQueryConnectSing) 시, Callback함수의 병목 요소는 없는가? - Callback함수 내 이벤트 처리의 병목 발생 요소 최소화 : delay() 사용 지양 : 처리 시간 소요되는 작업은 별도 스레드/큐 사용 필요",True
PitPumpEWSAlarm.ctl,CTL_PRF_001,Loop문 내에 처리 조건,ctl.loop_delay,성능|시스템 부하 및 성능 최적화|Loop문 내에 처리 조건,Medium,1038,1038,while(true),[CTL_PRF_001] 위반: Loop문 내에 처리 조건,True
PitPumpEWSAlarm.ctl,CTL_PRF_001,Loop문 내에 처리 조건,ctl.loop_delay,성능|시스템 부하 및 성능 최적화|Loop문 내에 처리 조건,Medium,1511,1511,while(true),[CTL_PRF_001] 위반: Loop문 내에 처리 조건,True
PitPumpEWSAlarm.ctl,CTL_PRF_001,Loop문 내에 처리 조건,ctl.loop_delay,성능|시스템 부하 및 성능 최적화|Loop문 내에 처리 조건,Medium,1615,1615,while(true),[CTL_PRF_001] 위반: Loop문 내에 처리 조건,True
PitPumpEWSAlarm.ctl,MANUAL-005,적절한 DP 처리 함수 사용,,성능|시스템 부하 및 성능 최적화|적절한 DP 처리 함수 사용_2,Info,170,170,"dpConnect(""CB_ChangeActiveCondition"", manager_dpname + "".Action.ActiveCondition"");","[MANUAL_REVIEW] 적절한 DP 처리 함수 사용: 2) 비동기 처리(dpConnect, dpQueryConnectSing) 시, Callback함수의 병목 요소는 없는가? - Callback함수 내 이벤트 처리의 병목 발생 요소 최소화 : delay() 사용 지양 : 처리 시간 소요되는 작업은 별도 스레드/큐 사용 필요",True
PitPumpEWSAlarm.ctl,CTL_ERR_002,"Try, Catch 예외처리",ctl.try_catch,"공통|예외처리|Try, Catch 예외처리",Medium,968,968,int MonthMaxCountReset(string dp),"[CTL_ERR_002] 위반: Try, Catch 예외처리",True
PitPumpEWSAlarm.ctl,CTL_ERR_002,"Try, Catch 예외처리",ctl.try_catch,"공통|예외처리|Try, Catch 예외처리",Medium,1323,1323,,"[CTL_ERR_002] 위반: Try, Catch 예외처리",True
POP_CTRL_AUTOBACKUP_HGB_C2_2.pnl,CTL_PRF_002,"Event, Ctrl Manager 이벤트 교환 횟수 최소화",ctl.batch_dp_ops,"성능|시스템 부하 및 성능 최적화|Event, Ctrl Manager 이벤트 교환 횟수 최소화",Medium,833,833,"dpSet($SetDP + \"".cmd.CANCEL_BIT\"",false);","[CTL_PRF_002] 위반: Event, Ctrl Manager 이벤트 교환 횟수 최소화",True
POP_CTRL_AUTOBACKUP_HGB_C2_2.pnl,CTL_PRF_002,"Event, Ctrl Manager 이벤트 교환 횟수 최소화",ctl.batch_dp_ops,"성능|시스템 부하 및 성능 최적화|Event, Ctrl Manager 이벤트 교환 횟수 최소화",Medium,834,834,"dpSet($SetDP + \"".cmd.ALMRESET_BIT\"",false);","[CTL_PRF_002] 위반: Event, Ctrl Manager 이벤트 교환 횟수 최소화",True
POP_CTRL_AUTOBACKUP_HGB_C2_2.pnl,CTL_PRF_002,"Event, Ctrl Manager 이벤트 교환 횟수 최소화",ctl.batch_dp_ops,"성능|시스템 부하 및 성능 최적화|Event, Ctrl Manager 이벤트 교환 횟수 최소화",Medium,835,835,"dpSet($SetDP + \"".cmd.HOLD_BIT\"",false);","[CTL_PRF_002] 위반: Event, Ctrl Manager 이벤트 교환 횟수 최소화",True
POP_CTRL_AUTOBACKUP_HGB_C2_2.pnl,CTL_PRF_002,"Event, Ctrl Manager 이벤트 교환 횟수 최소화",ctl.batch_dp_ops,"성능|시스템 부하 및 성능 최적화|Event, Ctrl Manager 이벤트 교환 횟수 최소화",Medium,1019,1019,"dpGet($SetDP + \"".cmd.START_BIT\"",bitstart);","[CTL_PRF_002] 위반: Event, Ctrl Manager 이벤트 교환 횟수 최소화",True
POP_CTRL_AUTOBACKUP_HGB_C2_2.pnl,CTL_PRF_002,"Event, Ctrl Manager 이벤트 교환 횟수 최소화",ctl.batch_dp_ops,"성능|시스템 부하 및 성능 최적화|Event, Ctrl Manager 이벤트 교환 횟수 최소화",Medium,1020,1020,"dpGet($SetDP + \"".cmd.HOLD_BIT\"",bithold);","[CTL_PRF_002] 위반: Event, Ctrl Manager 이벤트 교환 횟수 최소화",True
POP_CTRL_AUTOBACKUP_HGB_C2_2.pnl,CTL_PRF_002,"Event, Ctrl Manager 이벤트 교환 횟수 최소화",ctl.batch_dp_ops,"성능|시스템 부하 및 성능 최적화|Event, Ctrl Manager 이벤트 교환 횟수 최소화",Medium,1021,1021,"dpGet($SetDP + \"".cmd.ALMRESET_BIT\"",bitalmreset);","[CTL_PRF_002] 위반: Event, Ctrl Manager 이벤트 교환 횟수 최소화",True
POP_CTRL_AUTOBACKUP_HGB_C2_2.pnl,CTL_PRF_002,"Event, Ctrl Manager 이벤트 교환 횟수 최소화",ctl.batch_dp_ops,"성능|시스템 부하 및 성능 최적화|Event, Ctrl Manager 이벤트 교환 횟수 최소화",Medium,1022,1022,"dpGet($SetDP + \"".cmd.CANCEL_BIT\"",bitcancel);","[CTL_PRF_002] 위반: Event, Ctrl Manager 이벤트 교환 횟수 최소화",True
POP_CTRL_AUTOBACKUP_HGB_C2_2.pnl,CTL_PRF_002,"Event, Ctrl Manager 이벤트 교환 횟수 최소화",ctl.batch_dp_ops,"성능|시스템 부하 및 성능 최적화|Event, Ctrl Manager 이벤트 교환 횟수 최소화",Medium,1023,1023,"dpGet($SetDP + \"".cmd.AB_START\"",abstart);","[CTL_PRF_002] 위반: Event, Ctrl Manager 이벤트 교환 횟수 최소화",True
POP_CTRL_AUTOBACKUP_HGB_C2_2.pnl,CTL_PRF_002,"Event, Ctrl Manager 이벤트 교환 횟수 최소화",ctl.batch_dp_ops,"성능|시스템 부하 및 성능 최적화|Event, Ctrl Manager 이벤트 교환 횟수 최소화",Medium,1040,1040,"dpSet($SetDP + \"".cmd.AB_START\"",false);","[CTL_PRF_002] 위반: Event, Ctrl Manager 이벤트 교환 횟수 최소화",True
POP_CTRL_AUTOBACKUP_HGB_C2_2.pnl,CTL_PRF_002,"Event, Ctrl Manager 이벤트 교환 횟수 최소화",ctl.batch_dp_ops,"성능|시스템 부하 및 성능 최적화|Event, Ctrl Manager 이벤트 교환 횟수 최소화",Medium,1042,1042,"dpSet($SetDP + \"".cmd.AB_START\"",true);","[CTL_PRF_002] 위반: Event, Ctrl Manager 이벤트 교환 횟수 최소화",True
POP_CTRL_AUTOBACKUP_HGB_C2_2.pnl,CTL_PRF_002,"Event, Ctrl Manager 이벤트 교환 횟수 최소화",ctl.batch_dp_ops,"성능|시스템 부하 및 성능 최적화|Event, Ctrl Manager 이벤트 교환 횟수 최소화",Medium,1045,1045,"dpSet($SetDP + \"".cmd.START_BIT\"",0);","[CTL_PRF_002] 위반: Event, Ctrl Manager 이벤트 교환 횟수 최소화",True
POP_CTRL_AUTOBACKUP_HGB_C2_2.pnl,CTL_PRF_002,"Event, Ctrl Manager 이벤트 교환 횟수 최소화",ctl.batch_dp_ops,"성능|시스템 부하 및 성능 최적화|Event, Ctrl Manager 이벤트 교환 횟수 최소화",Medium,1054,1054,"dpSet($SetDP + \"".cmd.HOLD_RESET\"",1);","[CTL_PRF_002] 위반: Event, Ctrl Manager 이벤트 교환 횟수 최소화",True
POP_CTRL_AUTOBACKUP_HGB_C2_2.pnl,CTL_PRF_002,"Event, Ctrl Manager 이벤트 교환 횟수 최소화",ctl.batch_dp_ops,"성능|시스템 부하 및 성능 최적화|Event, Ctrl Manager 이벤트 교환 횟수 최소화",Medium,1056,1056,"dpSet($SetDP + \"".cmd.HOLD_BIT\"",0);","[CTL_PRF_002] 위반: Event, Ctrl Manager 이벤트 교환 횟수 최소화",True
POP_CTRL_AUTOBACKUP_HGB_C2_2.pnl,CTL_PRF_002,"Event, Ctrl Manager 이벤트 교환 횟수 최소화",ctl.batch_dp_ops,"성능|시스템 부하 및 성능 최적화|Event, Ctrl Manager 이벤트 교환 횟수 최소화",Medium,1065,1065,"dpSet($SetDP + \"".cmd.AL_RESET\"",1);","[CTL_PRF_002] 위반: Event, Ctrl Manager 이벤트 교환 횟수 최소화",True
POP_CTRL_AUTOBACKUP_HGB_C2_2.pnl,CTL_PRF_002,"Event, Ctrl Manager 이벤트 교환 횟수 최소화",ctl.batch_dp_ops,"성능|시스템 부하 및 성능 최적화|Event, Ctrl Manager 이벤트 교환 횟수 최소화",Medium,1067,1067,"dpSet($SetDP + \"".cmd.ALMRESET_BIT\"",0);","[CTL_PRF_002] 위반: Event, Ctrl Manager 이벤트 교환 횟수 최소화",True
POP_CTRL_AUTOBACKUP_HGB_C2_2.pnl,CTL_PRF_002,"Event, Ctrl Manager 이벤트 교환 횟수 최소화",ctl.batch_dp_ops,"성능|시스템 부하 및 성능 최적화|Event, Ctrl Manager 이벤트 교환 횟수 최소화",Medium,1076,1076,"dpSet($SetDP + \"".cmd.CANCEL\"",1);","[CTL_PRF_002] 위반: Event, Ctrl Manager 이벤트 교환 횟수 최소화",True
POP_CTRL_AUTOBACKUP_HGB_C2_2.pnl,CTL_PRF_002,"Event, Ctrl Manager 이벤트 교환 횟수 최소화",ctl.batch_dp_ops,"성능|시스템 부하 및 성능 최적화|Event, Ctrl Manager 이벤트 교환 횟수 최소화",Medium,1078,1078,"dpSet($SetDP + \"".cmd.CANCEL_BIT\"",0);","[CTL_PRF_002] 위반: Event, Ctrl Manager 이벤트 교환 횟수 최소화",True
POP_CTRL_AUTOBACKUP_HGB_C2_2.pnl,CTL_PRF_002,"Event, Ctrl Manager 이벤트 교환 횟수 최소화",ctl.batch_dp_ops,"성능|시스템 부하 및 성능 최적화|Event, Ctrl Manager 이벤트 교환 횟수 최소화",Medium,1186,1186,"dpSet($SetDP  + \"".cmd.AUTOSEL.SEL1\"",cur_value[1]);","[CTL_PRF_002] 위반: Event, Ctrl Manager 이벤트 교환 횟수 최소화",True
POP_CTRL_AUTOBACKUP_HGB_C2_2.pnl,CTL_PRF_002,"Event, Ctrl Manager 이벤트 교환 횟수 최소화",ctl.batch_dp_ops,"성능|시스템 부하 및 성능 최적화|Event, Ctrl Manager 이벤트 교환 횟수 최소화",Medium,1187,1187,"dpSet($SetDP  + \"".cmd.AUTOSEL.SEL2\"",cur_value[2]);","[CTL_PRF_002] 위반: Event, Ctrl Manager 이벤트 교환 횟수 최소화",True
POP_CTRL_AUTOBACKUP_HGB_C2_2.pnl,CTL_PRF_002,"Event, Ctrl Manager 이벤트 교환 횟수 최소화",ctl.batch_dp_ops,"성능|시스템 부하 및 성능 최적화|Event, Ctrl Manager 이벤트 교환 횟수 최소화",Medium,1188,1188,"dpSet($SetDP  + \"".cmd.AUTOSEL.SEL3\"",cur_value[3]);","[CTL_PRF_002] 위반: Event, Ctrl Manager 이벤트 교환 횟수 최소화",True
POP_CTRL_AUTOBACKUP_HGB_C2_2.pnl,CTL_PRF_002,"Event, Ctrl Manager 이벤트 교환 횟수 최소화",ctl.batch_dp_ops,"성능|시스템 부하 및 성능 최적화|Event, Ctrl Manager 이벤트 교환 횟수 최소화",Medium,1189,1189,"dpSet($SetDP  + \"".cmd.AUTOSEL.SEL4\"",cur_value[4]);","[CTL_PRF_002] 위반: Event, Ctrl Manager 이벤트 교환 횟수 최소화",True
POP_CTRL_AUTOBACKUP_HGB_C2_2.pnl,CTL_PRF_002,"Event, Ctrl Manager 이벤트 교환 횟수 최소화",ctl.batch_dp_ops,"성능|시스템 부하 및 성능 최적화|Event, Ctrl Manager 이벤트 교환 횟수 최소화",Medium,1190,1190,"dpSet($SetDP  + \"".cmd.AUTOSEL.SEL5\"",cur_value[5]);","[CTL_PRF_002] 위반: Event, Ctrl Manager 이벤트 교환 횟수 최소화",True
POP_CTRL_AUTOBACKUP_HGB_C2_2.pnl,CTL_PRF_002,"Event, Ctrl Manager 이벤트 교환 횟수 최소화",ctl.batch_dp_ops,"성능|시스템 부하 및 성능 최적화|Event, Ctrl Manager 이벤트 교환 횟수 최소화",Medium,3539,3539,"dpGet(\""C1_HVAC:T1_HGB_C2701A_ZV.PVLAST\"",ST1);","[CTL_PRF_002] 위반: Event, Ctrl Manager 이벤트 교환 횟수 최소화",True
POP_CTRL_AUTOBACKUP_HGB_C2_2.pnl,CTL_PRF_002,"Event, Ctrl Manager 이벤트 교환 횟수 최소화",ctl.batch_dp_ops,"성능|시스템 부하 및 성능 최적화|Event, Ctrl Manager 이벤트 교환 횟수 최소화",Medium,3540,3540,"dpGet(\""C1_HVAC:T1_DPT_C2HG01NLOGIC.alert.LOOPERR\"",LOOP1);","[CTL_PRF_002] 위반: Event, Ctrl Manager 이벤트 교환 횟수 최소화",True
POP_CTRL_AUTOBACKUP_HGB_C2_2.pnl,CTL_PRF_002,"Event, Ctrl Manager 이벤트 교환 횟수 최소화",ctl.batch_dp_ops,"성능|시스템 부하 및 성능 최적화|Event, Ctrl Manager 이벤트 교환 횟수 최소화",Medium,3541,3541,"dpGet(\""C1_HVAC:T1_HGB_C2701A_MVD_I.PVLAST\"",PV1);","[CTL_PRF_002] 위반: Event, Ctrl Manager 이벤트 교환 횟수 최소화",True
POP_CTRL_AUTOBACKUP_HGB_C2_2.pnl,CTL_PRF_002,"Event, Ctrl Manager 이벤트 교환 횟수 최소화",ctl.batch_dp_ops,"성능|시스템 부하 및 성능 최적화|Event, Ctrl Manager 이벤트 교환 횟수 최소화",Medium,3542,3542,"dpGet(\""C1_HVAC:T1_HGB_C2701A_MVD_TOT.PVLAST\"",TOT1);","[CTL_PRF_002] 위반: Event, Ctrl Manager 이벤트 교환 횟수 최소화",True
POP_CTRL_AUTOBACKUP_HGB_C2_2.pnl,CTL_PRF_002,"Event, Ctrl Manager 이벤트 교환 횟수 최소화",ctl.batch_dp_ops,"성능|시스템 부하 및 성능 최적화|Event, Ctrl Manager 이벤트 교환 횟수 최소화",Medium,3608,3608,"dpGet(\""C1_HVAC:T1_HGB_C2701B_ZV.PVLAST\"",ST1);","[CTL_PRF_002] 위반: Event, Ctrl Manager 이벤트 교환 횟수 최소화",True
POP_CTRL_AUTOBACKUP_HGB_C2_2.pnl,CTL_PRF_002,"Event, Ctrl Manager 이벤트 교환 횟수 최소화",ctl.batch_dp_ops,"성능|시스템 부하 및 성능 최적화|Event, Ctrl Manager 이벤트 교환 횟수 최소화",Medium,3609,3609,"dpGet(\""C1_HVAC:T1_DPT_C2HG01NLOGIC.alert.LOOPERR\"",LOOP1);","[CTL_PRF_002] 위반: Event, Ctrl Manager 이벤트 교환 횟수 최소화",True
POP_CTRL_AUTOBACKUP_HGB_C2_2.pnl,CTL_PRF_002,"Event, Ctrl Manager 이벤트 교환 횟수 최소화",ctl.batch_dp_ops,"성능|시스템 부하 및 성능 최적화|Event, Ctrl Manager 이벤트 교환 횟수 최소화",Medium,3610,3610,"dpGet(\""C1_HVAC:T1_HGB_C2701B_MVD_I.PVLAST\"",PV1);","[CTL_PRF_002] 위반: Event, Ctrl Manager 이벤트 교환 횟수 최소화",True
POP_CTRL_AUTOBACKUP_HGB_C2_2.pnl,CTL_PRF_002,"Event, Ctrl Manager 이벤트 교환 횟수 최소화",ctl.batch_dp_ops,"성능|시스템 부하 및 성능 최적화|Event, Ctrl Manager 이벤트 교환 횟수 최소화",Medium,3611,3611,"dpGet(\""C1_HVAC:T1_HGB_C2701B_MVD_TOT.PVLAST\"",TOT1);","[CTL_PRF_002] 위반: Event, Ctrl Manager 이벤트 교환 횟수 최소화",True
POP_CTRL_AUTOBACKUP_HGB_C2_2.pnl,CTL_PRF_002,"Event, Ctrl Manager 이벤트 교환 횟수 최소화",ctl.batch_dp_ops,"성능|시스템 부하 및 성능 최적화|Event, Ctrl Manager 이벤트 교환 횟수 최소화",Medium,3678,3678,"dpGet(\""C1_HVAC:T1_HGB_C2701C_ZV.PVLAST\"",ST1);","[CTL_PRF_002] 위반: Event, Ctrl Manager 이벤트 교환 횟수 최소화",True
POP_CTRL_AUTOBACKUP_HGB_C2_2.pnl,CTL_PRF_002,"Event, Ctrl Manager 이벤트 교환 횟수 최소화",ctl.batch_dp_ops,"성능|시스템 부하 및 성능 최적화|Event, Ctrl Manager 이벤트 교환 횟수 최소화",Medium,3679,3679,"dpGet(\""C1_HVAC:T1_DPT_C2HG01NLOGIC.alert.LOOPERR\"",LOOP1);","[CTL_PRF_002] 위반: Event, Ctrl Manager 이벤트 교환 횟수 최소화",True
POP_CTRL_AUTOBACKUP_HGB_C2_2.pnl,CTL_PRF_002,"Event, Ctrl Manager 이벤트 교환 횟수 최소화",ctl.batch_dp_ops,"성능|시스템 부하 및 성능 최적화|Event, Ctrl Manager 이벤트 교환 횟수 최소화",Medium,3680,3680,"dpGet(\""C1_HVAC:T1_HGB_C2701C_MVD_I.PVLAST\"",PV1);","[CTL_PRF_002] 위반: Event, Ctrl Manager 이벤트 교환 횟수 최소화",True
POP_CTRL_AUTOBACKUP_HGB_C2_2.pnl,CTL_PRF_002,"Event, Ctrl Manager 이벤트 교환 횟수 최소화",ctl.batch_dp_ops,"성능|시스템 부하 및 성능 최적화|Event, Ctrl Manager 이벤트 교환 횟수 최소화",Medium,3681,3681,"dpGet(\""C1_HVAC:T1_HGB_C2701C_MVD_TOT.PVLAST\"",TOT1);","[CTL_PRF_002] 위반: Event, Ctrl Manager 이벤트 교환 횟수 최소화",True
POP_CTRL_AUTOBACKUP_HGB_C2_2.pnl,CTL_PRF_002,"Event, Ctrl Manager 이벤트 교환 횟수 최소화",ctl.batch_dp_ops,"성능|시스템 부하 및 성능 최적화|Event, Ctrl Manager 이벤트 교환 횟수 최소화",Medium,3799,3799,"dpGet($SetDP + \"".cmd.AUTOSEL.SEL1\"",value1);","[CTL_PRF_002] 위반: Event, Ctrl Manager 이벤트 교환 횟수 최소화",True
POP_CTRL_AUTOBACKUP_HGB_C2_2.pnl,CTL_PRF_002,"Event, Ctrl Manager 이벤트 교환 횟수 최소화",ctl.batch_dp_ops,"성능|시스템 부하 및 성능 최적화|Event, Ctrl Manager 이벤트 교환 횟수 최소화",Medium,3800,3800,"dpGet($SetDP + \"".cmd.AUTOSEL.SEL2\"",value2);","[CTL_PRF_002] 위반: Event, Ctrl Manager 이벤트 교환 횟수 최소화",True
POP_CTRL_AUTOBACKUP_HGB_C2_2.pnl,CTL_PRF_002,"Event, Ctrl Manager 이벤트 교환 횟수 최소화",ctl.batch_dp_ops,"성능|시스템 부하 및 성능 최적화|Event, Ctrl Manager 이벤트 교환 횟수 최소화",Medium,3801,3801,"dpGet($SetDP + \"".cmd.AUTOSEL.SEL3\"",value3);","[CTL_PRF_002] 위반: Event, Ctrl Manager 이벤트 교환 횟수 최소화",True
POP_CTRL_AUTOBACKUP_HGB_C2_2.pnl,CTL_PRF_002,"Event, Ctrl Manager 이벤트 교환 횟수 최소화",ctl.batch_dp_ops,"성능|시스템 부하 및 성능 최적화|Event, Ctrl Manager 이벤트 교환 횟수 최소화",Medium,3802,3802,"dpGet($SetDP + \"".cmd.AUTOSEL.SEL4\"",value4);","[CTL_PRF_002] 위반: Event, Ctrl Manager 이벤트 교환 횟수 최소화",True
POP_CTRL_AUTOBACKUP_HGB_C2_2.pnl,CTL_PRF_002,"Event, Ctrl Manager 이벤트 교환 횟수 최소화",ctl.batch_dp_ops,"성능|시스템 부하 및 성능 최적화|Event, Ctrl Manager 이벤트 교환 횟수 최소화",Medium,3803,3803,"dpGet($SetDP + \"".cmd.AUTOSEL.SEL5\"",value5);","[CTL_PRF_002] 위반: Event, Ctrl Manager 이벤트 교환 횟수 최소화",True
POP_CTRL_AUTOBACKUP_HGB_C2_2.pnl,CTL_PRF_002,"Event, Ctrl Manager 이벤트 교환 횟수 최소화",ctl.batch_dp_ops,"성능|시스템 부하 및 성능 최적화|Event, Ctrl Manager 이벤트 교환 횟수 최소화",Medium,4433,4433,"dpGet($SetDP + \"".cmd.HOLD_BIT\"",chkbit);","[CTL_PRF_002] 위반: Event, Ctrl Manager 이벤트 교환 횟수 최소화",True
POP_CTRL_AUTOBACKUP_HGB_C2_2.pnl,CTL_PRF_002,"Event, Ctrl Manager 이벤트 교환 횟수 최소화",ctl.batch_dp_ops,"성능|시스템 부하 및 성능 최적화|Event, Ctrl Manager 이벤트 교환 횟수 최소화",Medium,4434,4434,"dpGet($SetDP + \"".alert.PROCESS_HOLD\"",proc_hold);","[CTL_PRF_002] 위반: Event, Ctrl Manager 이벤트 교환 횟수 최소화",True
POP_CTRL_AUTOBACKUP_HGB_C2_2.pnl,CTL_PRF_002,"Event, Ctrl Manager 이벤트 교환 횟수 최소화",ctl.batch_dp_ops,"성능|시스템 부하 및 성능 최적화|Event, Ctrl Manager 이벤트 교환 횟수 최소화",Medium,4440,4440,"dpSet($SetDP + \"".cmd.HOLD_BIT\"",false);","[CTL_PRF_002] 위반: Event, Ctrl Manager 이벤트 교환 횟수 최소화",True
POP_CTRL_AUTOBACKUP_HGB_C2_2.pnl,CTL_PRF_002,"Event, Ctrl Manager 이벤트 교환 횟수 최소화",ctl.batch_dp_ops,"성능|시스템 부하 및 성능 최적화|Event, Ctrl Manager 이벤트 교환 횟수 최소화",Medium,4445,4445,"dpSet($SetDP + \"".cmd.HOLD_BIT\"",true);","[CTL_PRF_002] 위반: Event, Ctrl Manager 이벤트 교환 횟수 최소화",True
POP_CTRL_AUTOBACKUP_HGB_C2_2.pnl,CTL_PRF_002,"Event, Ctrl Manager 이벤트 교환 횟수 최소화",ctl.batch_dp_ops,"성능|시스템 부하 및 성능 최적화|Event, Ctrl Manager 이벤트 교환 횟수 최소화",Medium,4493,4493,"dpGet($SetDP + \"".cmd.CANCEL_BIT\"",chkbit);","[CTL_PRF_002] 위반: Event, Ctrl Manager 이벤트 교환 횟수 최소화",True
POP_CTRL_AUTOBACKUP_HGB_C2_2.pnl,CTL_PRF_002,"Event, Ctrl Manager 이벤트 교환 횟수 최소화",ctl.batch_dp_ops,"성능|시스템 부하 및 성능 최적화|Event, Ctrl Manager 이벤트 교환 횟수 최소화",Medium,4499,4499,"dpSet($SetDP + \"".cmd.CANCEL_BIT\"",false);","[CTL_PRF_002] 위반: Event, Ctrl Manager 이벤트 교환 횟수 최소화",True
POP_CTRL_AUTOBACKUP_HGB_C2_2.pnl,CTL_PRF_002,"Event, Ctrl Manager 이벤트 교환 횟수 최소화",ctl.batch_dp_ops,"성능|시스템 부하 및 성능 최적화|Event, Ctrl Manager 이벤트 교환 횟수 최소화",Medium,4504,4504,"dpSet($SetDP + \"".cmd.CANCEL_BIT\"",true);","[CTL_PRF_002] 위반: Event, Ctrl Manager 이벤트 교환 횟수 최소화",True
POP_CTRL_AUTOBACKUP_HGB_C2_2.pnl,CTL_PRF_002,"Event, Ctrl Manager 이벤트 교환 횟수 최소화",ctl.batch_dp_ops,"성능|시스템 부하 및 성능 최적화|Event, Ctrl Manager 이벤트 교환 횟수 최소화",Medium,4545,4545,"dpGet($SetDP + \"".cmd.ALMRESET_BIT\"",chkbit);","[CTL_PRF_002] 위반: Event, Ctrl Manager 이벤트 교환 횟수 최소화",True
POP_CTRL_AUTOBACKUP_HGB_C2_2.pnl,CTL_PRF_002,"Event, Ctrl Manager 이벤트 교환 횟수 최소화",ctl.batch_dp_ops,"성능|시스템 부하 및 성능 최적화|Event, Ctrl Manager 이벤트 교환 횟수 최소화",Medium,4551,4551,"dpSet($SetDP + \"".cmd.ALMRESET_BIT\"",false);","[CTL_PRF_002] 위반: Event, Ctrl Manager 이벤트 교환 횟수 최소화",True
POP_CTRL_AUTOBACKUP_HGB_C2_2.pnl,CTL_PRF_002,"Event, Ctrl Manager 이벤트 교환 횟수 최소화",ctl.batch_dp_ops,"성능|시스템 부하 및 성능 최적화|Event, Ctrl Manager 이벤트 교환 횟수 최소화",Medium,4556,4556,"dpSet($SetDP + \"".cmd.ALMRESET_BIT\"",true);","[CTL_PRF_002] 위반: Event, Ctrl Manager 이벤트 교환 횟수 최소화",True
POP_CTRL_AUTOBACKUP_HGB_C2_2.pnl,CTL_PRF_002,"Event, Ctrl Manager 이벤트 교환 횟수 최소화",ctl.batch_dp_ops,"성능|시스템 부하 및 성능 최적화|Event, Ctrl Manager 이벤트 교환 횟수 최소화",Medium,5158,5158,"dpGet(\""C1_HVAC:T1_HGB_C2701D_ZV.PVLAST\"",ST1);","[CTL_PRF_002] 위반: Event, Ctrl Manager 이벤트 교환 횟수 최소화",True
POP_CTRL_AUTOBACKUP_HGB_C2_2.pnl,CTL_PRF_002,"Event, Ctrl Manager 이벤트 교환 횟수 최소화",ctl.batch_dp_ops,"성능|시스템 부하 및 성능 최적화|Event, Ctrl Manager 이벤트 교환 횟수 최소화",Medium,5159,5159,"dpGet(\""C1_HVAC:T1_DPT_C2HG01NLOGIC.alert.LOOPERR\"",LOOP1);","[CTL_PRF_002] 위반: Event, Ctrl Manager 이벤트 교환 횟수 최소화",True
POP_CTRL_AUTOBACKUP_HGB_C2_2.pnl,CTL_PRF_002,"Event, Ctrl Manager 이벤트 교환 횟수 최소화",ctl.batch_dp_ops,"성능|시스템 부하 및 성능 최적화|Event, Ctrl Manager 이벤트 교환 횟수 최소화",Medium,5160,5160,"dpGet(\""C1_HVAC:T1_HGB_C2701D_MVD_I.PVLAST\"",PV1);","[CTL_PRF_002] 위반: Event, Ctrl Manager 이벤트 교환 횟수 최소화",True
POP_CTRL_AUTOBACKUP_HGB_C2_2.pnl,CTL_PRF_002,"Event, Ctrl Manager 이벤트 교환 횟수 최소화",ctl.batch_dp_ops,"성능|시스템 부하 및 성능 최적화|Event, Ctrl Manager 이벤트 교환 횟수 최소화",Medium,5161,5161,"dpGet(\""C1_HVAC:T1_HGB_C2701D_MVD_TOT.PVLAST\"",TOT1);","[CTL_PRF_002] 위반: Event, Ctrl Manager 이벤트 교환 횟수 최소화",True
POP_CTRL_AUTOBACKUP_HGB_C2_2.pnl,CTL_PRF_002,"Event, Ctrl Manager 이벤트 교환 횟수 최소화",ctl.batch_dp_ops,"성능|시스템 부하 및 성능 최적화|Event, Ctrl Manager 이벤트 교환 횟수 최소화",Medium,5228,5228,"dpGet(\""C1_HVAC:T1_HGB_C2701E_ZV.PVLAST\"",ST1);","[CTL_PRF_002] 위반: Event, Ctrl Manager 이벤트 교환 횟수 최소화",True
POP_CTRL_AUTOBACKUP_HGB_C2_2.pnl,CTL_PRF_002,"Event, Ctrl Manager 이벤트 교환 횟수 최소화",ctl.batch_dp_ops,"성능|시스템 부하 및 성능 최적화|Event, Ctrl Manager 이벤트 교환 횟수 최소화",Medium,5229,5229,"dpGet(\""C1_HVAC:T1_DPT_C2HG01NLOGIC.alert.LOOPERR\"",LOOP1);","[CTL_PRF_002] 위반: Event, Ctrl Manager 이벤트 교환 횟수 최소화",True
POP_CTRL_AUTOBACKUP_HGB_C2_2.pnl,CTL_PRF_002,"Event, Ctrl Manager 이벤트 교환 횟수 최소화",ctl.batch_dp_ops,"성능|시스템 부하 및 성능 최적화|Event, Ctrl Manager 이벤트 교환 횟수 최소화",Medium,5230,5230,"dpGet(\""C1_HVAC:T1_HGB_C2701E_MVD_I.PVLAST\"",PV1);","[CTL_PRF_002] 위반: Event, Ctrl Manager 이벤트 교환 횟수 최소화",True
POP_CTRL_AUTOBACKUP_HGB_C2_2.pnl,CTL_PRF_002,"Event, Ctrl Manager 이벤트 교환 횟수 최소화",ctl.batch_dp_ops,"성능|시스템 부하 및 성능 최적화|Event, Ctrl Manager 이벤트 교환 횟수 최소화",Medium,5231,5231,"dpGet(\""C1_HVAC:T1_HGB_C2701E_MVD_TOT.PVLAST\"",TOT1);","[CTL_PRF_002] 위반: Event, Ctrl Manager 이벤트 교환 횟수 최소화",True
POP_CTRL_AUTOBACKUP_HGB_C2_2.pnl,CTL_RES_001,메모리 누수 체크,ctl.dp_connect_pair,성능|시스템 부하 및 성능 최적화|메모리 누수 체크,Medium,53,53,"dpConnect(\""CB_value_textfield\"",dp_press_set1);",[CTL_RES_001] 위반: 메모리 누수 체크,True
POP_CTRL_AUTOBACKUP_HGB_C2_2.pnl,CTL_RES_001,메모리 누수 체크,ctl.dp_connect_pair,성능|시스템 부하 및 성능 최적화|메모리 누수 체크,Medium,55,55,"dpConnect(\""CB_value_textfield\"",dp_press_set1_max);",[CTL_RES_001] 위반: 메모리 누수 체크,True
POP_CTRL_AUTOBACKUP_HGB_C2_2.pnl,CTL_RES_001,메모리 누수 체크,ctl.dp_connect_pair,성능|시스템 부하 및 성능 최적화|메모리 누수 체크,Medium,56,56,"dpConnect(\""CB_value_textfield\"",dp_press_set1_min);",[CTL_RES_001] 위반: 메모리 누수 체크,True
POP_CTRL_AUTOBACKUP_HGB_C2_2.pnl,CTL_RES_001,메모리 누수 체크,ctl.dp_connect_pair,성능|시스템 부하 및 성능 최적화|메모리 누수 체크,Medium,58,58,"dpConnect(\""CB_check_box\"",$SetDP + \"".cmd.AUTOSEL.SEL1\"",$SetDP + \"".cmd.AUTOSEL.SEL2\"",$SetDP + \"".cmd.AUTOSEL.SEL3\"",$SetDP + \"".cmd.AUTOSEL.SEL4\"",$SetDP + \"".cmd.AUTOSEL.SEL5\"");",[CTL_RES_001] 위반: 메모리 누수 체크,True
POP_CTRL_AUTOBACKUP_HGB_C2_2.pnl,CTL_RES_001,메모리 누수 체크,ctl.dp_connect_pair,성능|시스템 부하 및 성능 최적화|메모리 누수 체크,Medium,70,70,"dpConnect(\""CB_value_textfield\"",dp_hz_set1);",[CTL_RES_001] 위반: 메모리 누수 체크,True
POP_CTRL_AUTOBACKUP_HGB_C2_2.pnl,CTL_RES_001,메모리 누수 체크,ctl.dp_connect_pair,성능|시스템 부하 및 성능 최적화|메모리 누수 체크,Medium,72,72,"dpConnect(\""CB_value_textfield\"",dp_fan_vib_hilm);",[CTL_RES_001] 위반: 메모리 누수 체크,True
POP_CTRL_AUTOBACKUP_HGB_C2_2.pnl,CTL_RES_001,메모리 누수 체크,ctl.dp_connect_pair,성능|시스템 부하 및 성능 최적화|메모리 누수 체크,Medium,74,74,"dpConnect(\""CB_value_textfield\"",dp_ad_open_tm_set);",[CTL_RES_001] 위반: 메모리 누수 체크,True
POP_CTRL_AUTOBACKUP_HGB_C2_2.pnl,CTL_RES_001,메모리 누수 체크,ctl.dp_connect_pair,성능|시스템 부하 및 성능 최적화|메모리 누수 체크,Medium,75,75,"dpConnect(\""CB_value_textfield\"",dp_ad_open_tmlm);",[CTL_RES_001] 위반: 메모리 누수 체크,True
POP_CTRL_AUTOBACKUP_HGB_C2_2.pnl,CTL_RES_001,메모리 누수 체크,ctl.dp_connect_pair,성능|시스템 부하 및 성능 최적화|메모리 누수 체크,Medium,76,76,"dpConnect(\""CB_value_textfield\"",dp_ad_open_lm);",[CTL_RES_001] 위반: 메모리 누수 체크,True
POP_CTRL_AUTOBACKUP_HGB_C2_2.pnl,CTL_RES_001,메모리 누수 체크,ctl.dp_connect_pair,성능|시스템 부하 및 성능 최적화|메모리 누수 체크,Medium,81,81,"dpConnect(\""CB_value_check_box\"",dp_fan_vib_invalidity);",[CTL_RES_001] 위반: 메모리 누수 체크,True
POP_CTRL_AUTOBACKUP_HGB_C2_2.pnl,CTL_RES_001,메모리 누수 체크,ctl.dp_connect_pair,성능|시스템 부하 및 성능 최적화|메모리 누수 체크,Medium,3257,3257,"dpConnect(\""EP_setBackColorCB\"",",[CTL_RES_001] 위반: 메모리 누수 체크,True
POP_CTRL_AUTOBACKUP_HGB_C2_2.pnl,CTL_RES_001,메모리 누수 체크,ctl.dp_connect_pair,성능|시스템 부하 및 성능 최적화|메모리 누수 체크,Medium,3306,3306,"dpConnect(\""EP_setBackColorCB\"",",[CTL_RES_001] 위반: 메모리 누수 체크,True
POP_CTRL_AUTOBACKUP_HGB_C2_2.pnl,CTL_RES_001,메모리 누수 체크,ctl.dp_connect_pair,성능|시스템 부하 및 성능 최적화|메모리 누수 체크,Medium,3355,3355,"dpConnect(\""EP_setBackColorCB\"",",[CTL_RES_001] 위반: 메모리 누수 체크,True
POP_CTRL_AUTOBACKUP_HGB_C2_2.pnl,CTL_RES_001,메모리 누수 체크,ctl.dp_connect_pair,성능|시스템 부하 및 성능 최적화|메모리 누수 체크,Medium,3786,3786,"dpConnect(\""CB_check_autoAB\"",$SetDP + \"".cmd.AUTOSEL.SEL1\"");",[CTL_RES_001] 위반: 메모리 누수 체크,True
POP_CTRL_AUTOBACKUP_HGB_C2_2.pnl,CTL_RES_001,메모리 누수 체크,ctl.dp_connect_pair,성능|시스템 부하 및 성능 최적화|메모리 누수 체크,Medium,3787,3787,"dpConnect(\""CB_check_autoAB\"",$SetDP + \"".cmd.AUTOSEL.SEL2\"");",[CTL_RES_001] 위반: 메모리 누수 체크,True
POP_CTRL_AUTOBACKUP_HGB_C2_2.pnl,CTL_RES_001,메모리 누수 체크,ctl.dp_connect_pair,성능|시스템 부하 및 성능 최적화|메모리 누수 체크,Medium,3788,3788,"dpConnect(\""CB_check_autoAB\"",$SetDP + \"".cmd.AUTOSEL.SEL3\"");",[CTL_RES_001] 위반: 메모리 누수 체크,True
POP_CTRL_AUTOBACKUP_HGB_C2_2.pnl,CTL_RES_001,메모리 누수 체크,ctl.dp_connect_pair,성능|시스템 부하 및 성능 최적화|메모리 누수 체크,Medium,3789,3789,"dpConnect(\""CB_check_autoAB\"",$SetDP + \"".cmd.AUTOSEL.SEL4\"");",[CTL_RES_001] 위반: 메모리 누수 체크,True
POP_CTRL_AUTOBACKUP_HGB_C2_2.pnl,CTL_RES_001,메모리 누수 체크,ctl.dp_connect_pair,성능|시스템 부하 및 성능 최적화|메모리 누수 체크,Medium,3790,3790,"dpConnect(\""CB_check_autoAB\"",$SetDP + \"".cmd.AUTOSEL.SEL5\"");",[CTL_RES_001] 위반: 메모리 누수 체크,True
POP_CTRL_AUTOBACKUP_HGB_C2_2.pnl,CTL_RES_001,메모리 누수 체크,ctl.dp_connect_pair,성능|시스템 부하 및 성능 최적화|메모리 누수 체크,Medium,4153,4153,"dpConnect(\""EP_setBackColorCB\"",",[CTL_RES_001] 위반: 메모리 누수 체크,True
POP_CTRL_AUTOBACKUP_HGB_C2_2.pnl,CTL_RES_001,메모리 누수 체크,ctl.dp_connect_pair,성능|시스템 부하 및 성능 최적화|메모리 누수 체크,Medium,4238,4238,"dpConnect(\""EP_setBackColorCB\"",",[CTL_RES_001] 위반: 메모리 누수 체크,True
POP_CTRL_AUTOBACKUP_HGB_C2_2.pnl,CTL_RES_001,메모리 누수 체크,ctl.dp_connect_pair,성능|시스템 부하 및 성능 최적화|메모리 누수 체크,Medium,4322,4322,"dpConnect(\""EP_setBackColorCB\"",",[CTL_RES_001] 위반: 메모리 누수 체크,True
POP_CTRL_AUTOBACKUP_HGB_C2_2.pnl,CTL_RES_001,메모리 누수 체크,ctl.dp_connect_pair,성능|시스템 부하 및 성능 최적화|메모리 누수 체크,Medium,5017,5017,"dpConnect(\""EP_setBackColorCB\"",",[CTL_RES_001] 위반: 메모리 누수 체크,True
POP_CTRL_AUTOBACKUP_HGB_C2_2.pnl,CTL_RES_001,메모리 누수 체크,ctl.dp_connect_pair,성능|시스템 부하 및 성능 최적화|메모리 누수 체크,Medium,5066,5066,"dpConnect(\""EP_setBackColorCB\"",",[CTL_RES_001] 위반: 메모리 누수 체크,True
POP_CTRL_AUTOBACKUP_HGB_C2_2.pnl,CTL_ERR_002,"Try, Catch 예외처리",ctl.try_catch,"공통|예외처리|Try, Catch 예외처리",Medium,1106,1106,"ChildPanelOnCentralModal(POPUP_ERR_MSG_FILENAME,\""err\"",","[CTL_ERR_002] 위반: Try, Catch 예외처리",True
POP_CTRL_AUTOBACKUP_HGB_C2_2_pnl.txt,CTL_PRF_002,"Event, Ctrl Manager 이벤트 교환 횟수 최소화",ctl.batch_dp_ops,"성능|시스템 부하 및 성능 최적화|Event, Ctrl Manager 이벤트 교환 횟수 최소화",Medium,432,432,"dpSet($SetDP + "".cmd.CANCEL_BIT"",false);","[CTL_PRF_002] 위반: Event, Ctrl Manager 이벤트 교환 횟수 최소화",True
POP_CTRL_AUTOBACKUP_HGB_C2_2_pnl.txt,CTL_PRF_002,"Event, Ctrl Manager 이벤트 교환 횟수 최소화",ctl.batch_dp_ops,"성능|시스템 부하 및 성능 최적화|Event, Ctrl Manager 이벤트 교환 횟수 최소화",Medium,433,433,"dpSet($SetDP + "".cmd.ALMRESET_BIT"",false);","[CTL_PRF_002] 위반: Event, Ctrl Manager 이벤트 교환 횟수 최소화",True
POP_CTRL_AUTOBACKUP_HGB_C2_2_pnl.txt,CTL_PRF_002,"Event, Ctrl Manager 이벤트 교환 횟수 최소화",ctl.batch_dp_ops,"성능|시스템 부하 및 성능 최적화|Event, Ctrl Manager 이벤트 교환 횟수 최소화",Medium,434,434,"dpSet($SetDP + "".cmd.HOLD_BIT"",false);","[CTL_PRF_002] 위반: Event, Ctrl Manager 이벤트 교환 횟수 최소화",True
POP_CTRL_AUTOBACKUP_HGB_C2_2_pnl.txt,CTL_PRF_002,"Event, Ctrl Manager 이벤트 교환 횟수 최소화",ctl.batch_dp_ops,"성능|시스템 부하 및 성능 최적화|Event, Ctrl Manager 이벤트 교환 횟수 최소화",Medium,597,597,"dpGet($SetDP + "".cmd.START_BIT"",bitstart);","[CTL_PRF_002] 위반: Event, Ctrl Manager 이벤트 교환 횟수 최소화",True
POP_CTRL_AUTOBACKUP_HGB_C2_2_pnl.txt,CTL_PRF_002,"Event, Ctrl Manager 이벤트 교환 횟수 최소화",ctl.batch_dp_ops,"성능|시스템 부하 및 성능 최적화|Event, Ctrl Manager 이벤트 교환 횟수 최소화",Medium,598,598,"dpGet($SetDP + "".cmd.HOLD_BIT"",bithold);","[CTL_PRF_002] 위반: Event, Ctrl Manager 이벤트 교환 횟수 최소화",True
POP_CTRL_AUTOBACKUP_HGB_C2_2_pnl.txt,CTL_PRF_002,"Event, Ctrl Manager 이벤트 교환 횟수 최소화",ctl.batch_dp_ops,"성능|시스템 부하 및 성능 최적화|Event, Ctrl Manager 이벤트 교환 횟수 최소화",Medium,599,599,"dpGet($SetDP + "".cmd.ALMRESET_BIT"",bitalmreset);","[CTL_PRF_002] 위반: Event, Ctrl Manager 이벤트 교환 횟수 최소화",True
POP_CTRL_AUTOBACKUP_HGB_C2_2_pnl.txt,CTL_PRF_002,"Event, Ctrl Manager 이벤트 교환 횟수 최소화",ctl.batch_dp_ops,"성능|시스템 부하 및 성능 최적화|Event, Ctrl Manager 이벤트 교환 횟수 최소화",Medium,600,600,"dpGet($SetDP + "".cmd.CANCEL_BIT"",bitcancel);","[CTL_PRF_002] 위반: Event, Ctrl Manager 이벤트 교환 횟수 최소화",True
POP_CTRL_AUTOBACKUP_HGB_C2_2_pnl.txt,CTL_PRF_002,"Event, Ctrl Manager 이벤트 교환 횟수 최소화",ctl.batch_dp_ops,"성능|시스템 부하 및 성능 최적화|Event, Ctrl Manager 이벤트 교환 횟수 최소화",Medium,601,601,"dpGet($SetDP + "".cmd.AB_START"",abstart);","[CTL_PRF_002] 위반: Event, Ctrl Manager 이벤트 교환 횟수 최소화",True
POP_CTRL_AUTOBACKUP_HGB_C2_2_pnl.txt,CTL_PRF_002,"Event, Ctrl Manager 이벤트 교환 횟수 최소화",ctl.batch_dp_ops,"성능|시스템 부하 및 성능 최적화|Event, Ctrl Manager 이벤트 교환 횟수 최소화",Medium,618,618,"dpSet($SetDP + "".cmd.AB_START"",false);","[CTL_PRF_002] 위반: Event, Ctrl Manager 이벤트 교환 횟수 최소화",True
POP_CTRL_AUTOBACKUP_HGB_C2_2_pnl.txt,CTL_PRF_002,"Event, Ctrl Manager 이벤트 교환 횟수 최소화",ctl.batch_dp_ops,"성능|시스템 부하 및 성능 최적화|Event, Ctrl Manager 이벤트 교환 횟수 최소화",Medium,620,620,"dpSet($SetDP + "".cmd.AB_START"",true);","[CTL_PRF_002] 위반: Event, Ctrl Manager 이벤트 교환 횟수 최소화",True
POP_CTRL_AUTOBACKUP_HGB_C2_2_pnl.txt,CTL_PRF_002,"Event, Ctrl Manager 이벤트 교환 횟수 최소화",ctl.batch_dp_ops,"성능|시스템 부하 및 성능 최적화|Event, Ctrl Manager 이벤트 교환 횟수 최소화",Medium,623,623,"dpSet($SetDP + "".cmd.START_BIT"",0);","[CTL_PRF_002] 위반: Event, Ctrl Manager 이벤트 교환 횟수 최소화",True
POP_CTRL_AUTOBACKUP_HGB_C2_2_pnl.txt,CTL_PRF_002,"Event, Ctrl Manager 이벤트 교환 횟수 최소화",ctl.batch_dp_ops,"성능|시스템 부하 및 성능 최적화|Event, Ctrl Manager 이벤트 교환 횟수 최소화",Medium,632,632,"dpSet($SetDP + "".cmd.HOLD_RESET"",1);","[CTL_PRF_002] 위반: Event, Ctrl Manager 이벤트 교환 횟수 최소화",True
POP_CTRL_AUTOBACKUP_HGB_C2_2_pnl.txt,CTL_PRF_002,"Event, Ctrl Manager 이벤트 교환 횟수 최소화",ctl.batch_dp_ops,"성능|시스템 부하 및 성능 최적화|Event, Ctrl Manager 이벤트 교환 횟수 최소화",Medium,634,634,"dpSet($SetDP + "".cmd.HOLD_BIT"",0);","[CTL_PRF_002] 위반: Event, Ctrl Manager 이벤트 교환 횟수 최소화",True
POP_CTRL_AUTOBACKUP_HGB_C2_2_pnl.txt,CTL_PRF_002,"Event, Ctrl Manager 이벤트 교환 횟수 최소화",ctl.batch_dp_ops,"성능|시스템 부하 및 성능 최적화|Event, Ctrl Manager 이벤트 교환 횟수 최소화",Medium,643,643,"dpSet($SetDP + "".cmd.AL_RESET"",1);","[CTL_PRF_002] 위반: Event, Ctrl Manager 이벤트 교환 횟수 최소화",True
POP_CTRL_AUTOBACKUP_HGB_C2_2_pnl.txt,CTL_PRF_002,"Event, Ctrl Manager 이벤트 교환 횟수 최소화",ctl.batch_dp_ops,"성능|시스템 부하 및 성능 최적화|Event, Ctrl Manager 이벤트 교환 횟수 최소화",Medium,645,645,"dpSet($SetDP + "".cmd.ALMRESET_BIT"",0);","[CTL_PRF_002] 위반: Event, Ctrl Manager 이벤트 교환 횟수 최소화",True
POP_CTRL_AUTOBACKUP_HGB_C2_2_pnl.txt,CTL_PRF_002,"Event, Ctrl Manager 이벤트 교환 횟수 최소화",ctl.batch_dp_ops,"성능|시스템 부하 및 성능 최적화|Event, Ctrl Manager 이벤트 교환 횟수 최소화",Medium,654,654,"dpSet($SetDP + "".cmd.CANCEL"",1);","[CTL_PRF_002] 위반: Event, Ctrl Manager 이벤트 교환 횟수 최소화",True
POP_CTRL_AUTOBACKUP_HGB_C2_2_pnl.txt,CTL_PRF_002,"Event, Ctrl Manager 이벤트 교환 횟수 최소화",ctl.batch_dp_ops,"성능|시스템 부하 및 성능 최적화|Event, Ctrl Manager 이벤트 교환 횟수 최소화",Medium,656,656,"dpSet($SetDP + "".cmd.CANCEL_BIT"",0);","[CTL_PRF_002] 위반: Event, Ctrl Manager 이벤트 교환 횟수 최소화",True
POP_CTRL_AUTOBACKUP_HGB_C2_2_pnl.txt,CTL_PRF_002,"Event, Ctrl Manager 이벤트 교환 횟수 최소화",ctl.batch_dp_ops,"성능|시스템 부하 및 성능 최적화|Event, Ctrl Manager 이벤트 교환 횟수 최소화",Medium,764,764,"dpSet($SetDP  + "".cmd.AUTOSEL.SEL1"",cur_value[1]);","[CTL_PRF_002] 위반: Event, Ctrl Manager 이벤트 교환 횟수 최소화",True
POP_CTRL_AUTOBACKUP_HGB_C2_2_pnl.txt,CTL_PRF_002,"Event, Ctrl Manager 이벤트 교환 횟수 최소화",ctl.batch_dp_ops,"성능|시스템 부하 및 성능 최적화|Event, Ctrl Manager 이벤트 교환 횟수 최소화",Medium,765,765,"dpSet($SetDP  + "".cmd.AUTOSEL.SEL2"",cur_value[2]);","[CTL_PRF_002] 위반: Event, Ctrl Manager 이벤트 교환 횟수 최소화",True
POP_CTRL_AUTOBACKUP_HGB_C2_2_pnl.txt,CTL_PRF_002,"Event, Ctrl Manager 이벤트 교환 횟수 최소화",ctl.batch_dp_ops,"성능|시스템 부하 및 성능 최적화|Event, Ctrl Manager 이벤트 교환 횟수 최소화",Medium,766,766,"dpSet($SetDP  + "".cmd.AUTOSEL.SEL3"",cur_value[3]);","[CTL_PRF_002] 위반: Event, Ctrl Manager 이벤트 교환 횟수 최소화",True
POP_CTRL_AUTOBACKUP_HGB_C2_2_pnl.txt,CTL_PRF_002,"Event, Ctrl Manager 이벤트 교환 횟수 최소화",ctl.batch_dp_ops,"성능|시스템 부하 및 성능 최적화|Event, Ctrl Manager 이벤트 교환 횟수 최소화",Medium,767,767,"dpSet($SetDP  + "".cmd.AUTOSEL.SEL4"",cur_value[4]);","[CTL_PRF_002] 위반: Event, Ctrl Manager 이벤트 교환 횟수 최소화",True
POP_CTRL_AUTOBACKUP_HGB_C2_2_pnl.txt,CTL_PRF_002,"Event, Ctrl Manager 이벤트 교환 횟수 최소화",ctl.batch_dp_ops,"성능|시스템 부하 및 성능 최적화|Event, Ctrl Manager 이벤트 교환 횟수 최소화",Medium,768,768,"dpSet($SetDP  + "".cmd.AUTOSEL.SEL5"",cur_value[5]);","[CTL_PRF_002] 위반: Event, Ctrl Manager 이벤트 교환 횟수 최소화",True
POP_CTRL_AUTOBACKUP_HGB_C2_2_pnl.txt,CTL_PRF_002,"Event, Ctrl Manager 이벤트 교환 횟수 최소화",ctl.batch_dp_ops,"성능|시스템 부하 및 성능 최적화|Event, Ctrl Manager 이벤트 교환 횟수 최소화",Medium,972,972,"dpGet(""C1_HVAC:T1_HGB_C2701A_ZV.PVLAST"",ST1);","[CTL_PRF_002] 위반: Event, Ctrl Manager 이벤트 교환 횟수 최소화",True
POP_CTRL_AUTOBACKUP_HGB_C2_2_pnl.txt,CTL_PRF_002,"Event, Ctrl Manager 이벤트 교환 횟수 최소화",ctl.batch_dp_ops,"성능|시스템 부하 및 성능 최적화|Event, Ctrl Manager 이벤트 교환 횟수 최소화",Medium,973,973,"dpGet(""C1_HVAC:T1_DPT_C2HG01NLOGIC.alert.LOOPERR"",LOOP1);","[CTL_PRF_002] 위반: Event, Ctrl Manager 이벤트 교환 횟수 최소화",True
POP_CTRL_AUTOBACKUP_HGB_C2_2_pnl.txt,CTL_PRF_002,"Event, Ctrl Manager 이벤트 교환 횟수 최소화",ctl.batch_dp_ops,"성능|시스템 부하 및 성능 최적화|Event, Ctrl Manager 이벤트 교환 횟수 최소화",Medium,974,974,"dpGet(""C1_HVAC:T1_HGB_C2701A_MVD_I.PVLAST"",PV1);","[CTL_PRF_002] 위반: Event, Ctrl Manager 이벤트 교환 횟수 최소화",True
POP_CTRL_AUTOBACKUP_HGB_C2_2_pnl.txt,CTL_PRF_002,"Event, Ctrl Manager 이벤트 교환 횟수 최소화",ctl.batch_dp_ops,"성능|시스템 부하 및 성능 최적화|Event, Ctrl Manager 이벤트 교환 횟수 최소화",Medium,975,975,"dpGet(""C1_HVAC:T1_HGB_C2701A_MVD_TOT.PVLAST"",TOT1);","[CTL_PRF_002] 위반: Event, Ctrl Manager 이벤트 교환 횟수 최소화",True
POP_CTRL_AUTOBACKUP_HGB_C2_2_pnl.txt,CTL_PRF_002,"Event, Ctrl Manager 이벤트 교환 횟수 최소화",ctl.batch_dp_ops,"성능|시스템 부하 및 성능 최적화|Event, Ctrl Manager 이벤트 교환 횟수 최소화",Medium,1012,1012,"dpGet(""C1_HVAC:T1_HGB_C2701B_ZV.PVLAST"",ST1);","[CTL_PRF_002] 위반: Event, Ctrl Manager 이벤트 교환 횟수 최소화",True
POP_CTRL_AUTOBACKUP_HGB_C2_2_pnl.txt,CTL_PRF_002,"Event, Ctrl Manager 이벤트 교환 횟수 최소화",ctl.batch_dp_ops,"성능|시스템 부하 및 성능 최적화|Event, Ctrl Manager 이벤트 교환 횟수 최소화",Medium,1013,1013,"dpGet(""C1_HVAC:T1_DPT_C2HG01NLOGIC.alert.LOOPERR"",LOOP1);","[CTL_PRF_002] 위반: Event, Ctrl Manager 이벤트 교환 횟수 최소화",True
POP_CTRL_AUTOBACKUP_HGB_C2_2_pnl.txt,CTL_PRF_002,"Event, Ctrl Manager 이벤트 교환 횟수 최소화",ctl.batch_dp_ops,"성능|시스템 부하 및 성능 최적화|Event, Ctrl Manager 이벤트 교환 횟수 최소화",Medium,1014,1014,"dpGet(""C1_HVAC:T1_HGB_C2701B_MVD_I.PVLAST"",PV1);","[CTL_PRF_002] 위반: Event, Ctrl Manager 이벤트 교환 횟수 최소화",True
POP_CTRL_AUTOBACKUP_HGB_C2_2_pnl.txt,CTL_PRF_002,"Event, Ctrl Manager 이벤트 교환 횟수 최소화",ctl.batch_dp_ops,"성능|시스템 부하 및 성능 최적화|Event, Ctrl Manager 이벤트 교환 횟수 최소화",Medium,1015,1015,"dpGet(""C1_HVAC:T1_HGB_C2701B_MVD_TOT.PVLAST"",TOT1);","[CTL_PRF_002] 위반: Event, Ctrl Manager 이벤트 교환 횟수 최소화",True
POP_CTRL_AUTOBACKUP_HGB_C2_2_pnl.txt,CTL_PRF_002,"Event, Ctrl Manager 이벤트 교환 횟수 최소화",ctl.batch_dp_ops,"성능|시스템 부하 및 성능 최적화|Event, Ctrl Manager 이벤트 교환 횟수 최소화",Medium,1053,1053,"dpGet(""C1_HVAC:T1_HGB_C2701C_ZV.PVLAST"",ST1);","[CTL_PRF_002] 위반: Event, Ctrl Manager 이벤트 교환 횟수 최소화",True
POP_CTRL_AUTOBACKUP_HGB_C2_2_pnl.txt,CTL_PRF_002,"Event, Ctrl Manager 이벤트 교환 횟수 최소화",ctl.batch_dp_ops,"성능|시스템 부하 및 성능 최적화|Event, Ctrl Manager 이벤트 교환 횟수 최소화",Medium,1054,1054,"dpGet(""C1_HVAC:T1_DPT_C2HG01NLOGIC.alert.LOOPERR"",LOOP1);","[CTL_PRF_002] 위반: Event, Ctrl Manager 이벤트 교환 횟수 최소화",True
POP_CTRL_AUTOBACKUP_HGB_C2_2_pnl.txt,CTL_PRF_002,"Event, Ctrl Manager 이벤트 교환 횟수 최소화",ctl.batch_dp_ops,"성능|시스템 부하 및 성능 최적화|Event, Ctrl Manager 이벤트 교환 횟수 최소화",Medium,1055,1055,"dpGet(""C1_HVAC:T1_HGB_C2701C_MVD_I.PVLAST"",PV1);","[CTL_PRF_002] 위반: Event, Ctrl Manager 이벤트 교환 횟수 최소화",True
POP_CTRL_AUTOBACKUP_HGB_C2_2_pnl.txt,CTL_PRF_002,"Event, Ctrl Manager 이벤트 교환 횟수 최소화",ctl.batch_dp_ops,"성능|시스템 부하 및 성능 최적화|Event, Ctrl Manager 이벤트 교환 횟수 최소화",Medium,1056,1056,"dpGet(""C1_HVAC:T1_HGB_C2701C_MVD_TOT.PVLAST"",TOT1);","[CTL_PRF_002] 위반: Event, Ctrl Manager 이벤트 교환 횟수 최소화",True
POP_CTRL_AUTOBACKUP_HGB_C2_2_pnl.txt,CTL_PRF_002,"Event, Ctrl Manager 이벤트 교환 횟수 최소화",ctl.batch_dp_ops,"성능|시스템 부하 및 성능 최적화|Event, Ctrl Manager 이벤트 교환 횟수 최소화",Medium,1102,1102,"dpGet($SetDP + "".cmd.AUTOSEL.SEL1"",value1);","[CTL_PRF_002] 위반: Event, Ctrl Manager 이벤트 교환 횟수 최소화",True
POP_CTRL_AUTOBACKUP_HGB_C2_2_pnl.txt,CTL_PRF_002,"Event, Ctrl Manager 이벤트 교환 횟수 최소화",ctl.batch_dp_ops,"성능|시스템 부하 및 성능 최적화|Event, Ctrl Manager 이벤트 교환 횟수 최소화",Medium,1103,1103,"dpGet($SetDP + "".cmd.AUTOSEL.SEL2"",value2);","[CTL_PRF_002] 위반: Event, Ctrl Manager 이벤트 교환 횟수 최소화",True
POP_CTRL_AUTOBACKUP_HGB_C2_2_pnl.txt,CTL_PRF_002,"Event, Ctrl Manager 이벤트 교환 횟수 최소화",ctl.batch_dp_ops,"성능|시스템 부하 및 성능 최적화|Event, Ctrl Manager 이벤트 교환 횟수 최소화",Medium,1104,1104,"dpGet($SetDP + "".cmd.AUTOSEL.SEL3"",value3);","[CTL_PRF_002] 위반: Event, Ctrl Manager 이벤트 교환 횟수 최소화",True
POP_CTRL_AUTOBACKUP_HGB_C2_2_pnl.txt,CTL_PRF_002,"Event, Ctrl Manager 이벤트 교환 횟수 최소화",ctl.batch_dp_ops,"성능|시스템 부하 및 성능 최적화|Event, Ctrl Manager 이벤트 교환 횟수 최소화",Medium,1105,1105,"dpGet($SetDP + "".cmd.AUTOSEL.SEL4"",value4);","[CTL_PRF_002] 위반: Event, Ctrl Manager 이벤트 교환 횟수 최소화",True
POP_CTRL_AUTOBACKUP_HGB_C2_2_pnl.txt,CTL_PRF_002,"Event, Ctrl Manager 이벤트 교환 횟수 최소화",ctl.batch_dp_ops,"성능|시스템 부하 및 성능 최적화|Event, Ctrl Manager 이벤트 교환 횟수 최소화",Medium,1106,1106,"dpGet($SetDP + "".cmd.AUTOSEL.SEL5"",value5);","[CTL_PRF_002] 위반: Event, Ctrl Manager 이벤트 교환 횟수 최소화",True
POP_CTRL_AUTOBACKUP_HGB_C2_2_pnl.txt,CTL_PRF_002,"Event, Ctrl Manager 이벤트 교환 횟수 최소화",ctl.batch_dp_ops,"성능|시스템 부하 및 성능 최적화|Event, Ctrl Manager 이벤트 교환 횟수 최소화",Medium,1368,1368,"dpGet(""C1_HVAC:T1_HGB_C2701D_ZV.PVLAST"",ST1);","[CTL_PRF_002] 위반: Event, Ctrl Manager 이벤트 교환 횟수 최소화",True
POP_CTRL_AUTOBACKUP_HGB_C2_2_pnl.txt,CTL_PRF_002,"Event, Ctrl Manager 이벤트 교환 횟수 최소화",ctl.batch_dp_ops,"성능|시스템 부하 및 성능 최적화|Event, Ctrl Manager 이벤트 교환 횟수 최소화",Medium,1369,1369,"dpGet(""C1_HVAC:T1_DPT_C2HG01NLOGIC.alert.LOOPERR"",LOOP1);","[CTL_PRF_002] 위반: Event, Ctrl Manager 이벤트 교환 횟수 최소화",True
POP_CTRL_AUTOBACKUP_HGB_C2_2_pnl.txt,CTL_PRF_002,"Event, Ctrl Manager 이벤트 교환 횟수 최소화",ctl.batch_dp_ops,"성능|시스템 부하 및 성능 최적화|Event, Ctrl Manager 이벤트 교환 횟수 최소화",Medium,1370,1370,"dpGet(""C1_HVAC:T1_HGB_C2701D_MVD_I.PVLAST"",PV1);","[CTL_PRF_002] 위반: Event, Ctrl Manager 이벤트 교환 횟수 최소화",True
POP_CTRL_AUTOBACKUP_HGB_C2_2_pnl.txt,CTL_PRF_002,"Event, Ctrl Manager 이벤트 교환 횟수 최소화",ctl.batch_dp_ops,"성능|시스템 부하 및 성능 최적화|Event, Ctrl Manager 이벤트 교환 횟수 최소화",Medium,1371,1371,"dpGet(""C1_HVAC:T1_HGB_C2701D_MVD_TOT.PVLAST"",TOT1);","[CTL_PRF_002] 위반: Event, Ctrl Manager 이벤트 교환 횟수 최소화",True
POP_CTRL_AUTOBACKUP_HGB_C2_2_pnl.txt,CTL_PRF_002,"Event, Ctrl Manager 이벤트 교환 횟수 최소화",ctl.batch_dp_ops,"성능|시스템 부하 및 성능 최적화|Event, Ctrl Manager 이벤트 교환 횟수 최소화",Medium,1409,1409,"dpGet(""C1_HVAC:T1_HGB_C2701E_ZV.PVLAST"",ST1);","[CTL_PRF_002] 위반: Event, Ctrl Manager 이벤트 교환 횟수 최소화",True
POP_CTRL_AUTOBACKUP_HGB_C2_2_pnl.txt,CTL_PRF_002,"Event, Ctrl Manager 이벤트 교환 횟수 최소화",ctl.batch_dp_ops,"성능|시스템 부하 및 성능 최적화|Event, Ctrl Manager 이벤트 교환 횟수 최소화",Medium,1410,1410,"dpGet(""C1_HVAC:T1_DPT_C2HG01NLOGIC.alert.LOOPERR"",LOOP1);","[CTL_PRF_002] 위반: Event, Ctrl Manager 이벤트 교환 횟수 최소화",True
POP_CTRL_AUTOBACKUP_HGB_C2_2_pnl.txt,CTL_PRF_002,"Event, Ctrl Manager 이벤트 교환 횟수 최소화",ctl.batch_dp_ops,"성능|시스템 부하 및 성능 최적화|Event, Ctrl Manager 이벤트 교환 횟수 최소화",Medium,1411,1411,"dpGet(""C1_HVAC:T1_HGB_C2701E_MVD_I.PVLAST"",PV1);","[CTL_PRF_002] 위반: Event, Ctrl Manager 이벤트 교환 횟수 최소화",True
POP_CTRL_AUTOBACKUP_HGB_C2_2_pnl.txt,CTL_PRF_002,"Event, Ctrl Manager 이벤트 교환 횟수 최소화",ctl.batch_dp_ops,"성능|시스템 부하 및 성능 최적화|Event, Ctrl Manager 이벤트 교환 횟수 최소화",Medium,1412,1412,"dpGet(""C1_HVAC:T1_HGB_C2701E_MVD_TOT.PVLAST"",TOT1);","[CTL_PRF_002] 위반: Event, Ctrl Manager 이벤트 교환 횟수 최소화",True
POP_CTRL_AUTOBACKUP_HGB_C2_2_pnl.txt,CTL_PRF_002,"Event, Ctrl Manager 이벤트 교환 횟수 최소화",ctl.batch_dp_ops,"성능|시스템 부하 및 성능 최적화|Event, Ctrl Manager 이벤트 교환 횟수 최소화",Medium,1522,1522,"dpGet($SetDP + "".cmd.HOLD_BIT"",chkbit);","[CTL_PRF_002] 위반: Event, Ctrl Manager 이벤트 교환 횟수 최소화",True
POP_CTRL_AUTOBACKUP_HGB_C2_2_pnl.txt,CTL_PRF_002,"Event, Ctrl Manager 이벤트 교환 횟수 최소화",ctl.batch_dp_ops,"성능|시스템 부하 및 성능 최적화|Event, Ctrl Manager 이벤트 교환 횟수 최소화",Medium,1523,1523,"dpGet($SetDP + "".alert.PROCESS_HOLD"",proc_hold);","[CTL_PRF_002] 위반: Event, Ctrl Manager 이벤트 교환 횟수 최소화",True
POP_CTRL_AUTOBACKUP_HGB_C2_2_pnl.txt,CTL_PRF_002,"Event, Ctrl Manager 이벤트 교환 횟수 최소화",ctl.batch_dp_ops,"성능|시스템 부하 및 성능 최적화|Event, Ctrl Manager 이벤트 교환 횟수 최소화",Medium,1529,1529,"dpSet($SetDP + "".cmd.HOLD_BIT"",false);","[CTL_PRF_002] 위반: Event, Ctrl Manager 이벤트 교환 횟수 최소화",True
POP_CTRL_AUTOBACKUP_HGB_C2_2_pnl.txt,CTL_PRF_002,"Event, Ctrl Manager 이벤트 교환 횟수 최소화",ctl.batch_dp_ops,"성능|시스템 부하 및 성능 최적화|Event, Ctrl Manager 이벤트 교환 횟수 최소화",Medium,1534,1534,"dpSet($SetDP + "".cmd.HOLD_BIT"",true);","[CTL_PRF_002] 위반: Event, Ctrl Manager 이벤트 교환 횟수 최소화",True
POP_CTRL_AUTOBACKUP_HGB_C2_2_pnl.txt,CTL_PRF_002,"Event, Ctrl Manager 이벤트 교환 횟수 최소화",ctl.batch_dp_ops,"성능|시스템 부하 및 성능 최적화|Event, Ctrl Manager 이벤트 교환 횟수 최소화",Medium,1567,1567,"dpGet($SetDP + "".cmd.CANCEL_BIT"",chkbit);","[CTL_PRF_002] 위반: Event, Ctrl Manager 이벤트 교환 횟수 최소화",True
POP_CTRL_AUTOBACKUP_HGB_C2_2_pnl.txt,CTL_PRF_002,"Event, Ctrl Manager 이벤트 교환 횟수 최소화",ctl.batch_dp_ops,"성능|시스템 부하 및 성능 최적화|Event, Ctrl Manager 이벤트 교환 횟수 최소화",Medium,1573,1573,"dpSet($SetDP + "".cmd.CANCEL_BIT"",false);","[CTL_PRF_002] 위반: Event, Ctrl Manager 이벤트 교환 횟수 최소화",True
POP_CTRL_AUTOBACKUP_HGB_C2_2_pnl.txt,CTL_PRF_002,"Event, Ctrl Manager 이벤트 교환 횟수 최소화",ctl.batch_dp_ops,"성능|시스템 부하 및 성능 최적화|Event, Ctrl Manager 이벤트 교환 횟수 최소화",Medium,1578,1578,"dpSet($SetDP + "".cmd.CANCEL_BIT"",true);","[CTL_PRF_002] 위반: Event, Ctrl Manager 이벤트 교환 횟수 최소화",True
POP_CTRL_AUTOBACKUP_HGB_C2_2_pnl.txt,CTL_PRF_002,"Event, Ctrl Manager 이벤트 교환 횟수 최소화",ctl.batch_dp_ops,"성능|시스템 부하 및 성능 최적화|Event, Ctrl Manager 이벤트 교환 횟수 최소화",Medium,1604,1604,"dpGet($SetDP + "".cmd.ALMRESET_BIT"",chkbit);","[CTL_PRF_002] 위반: Event, Ctrl Manager 이벤트 교환 횟수 최소화",True
POP_CTRL_AUTOBACKUP_HGB_C2_2_pnl.txt,CTL_PRF_002,"Event, Ctrl Manager 이벤트 교환 횟수 최소화",ctl.batch_dp_ops,"성능|시스템 부하 및 성능 최적화|Event, Ctrl Manager 이벤트 교환 횟수 최소화",Medium,1610,1610,"dpSet($SetDP + "".cmd.ALMRESET_BIT"",false);","[CTL_PRF_002] 위반: Event, Ctrl Manager 이벤트 교환 횟수 최소화",True
POP_CTRL_AUTOBACKUP_HGB_C2_2_pnl.txt,CTL_PRF_002,"Event, Ctrl Manager 이벤트 교환 횟수 최소화",ctl.batch_dp_ops,"성능|시스템 부하 및 성능 최적화|Event, Ctrl Manager 이벤트 교환 횟수 최소화",Medium,1615,1615,"dpSet($SetDP + "".cmd.ALMRESET_BIT"",true);","[CTL_PRF_002] 위반: Event, Ctrl Manager 이벤트 교환 횟수 최소화",True
POP_CTRL_AUTOBACKUP_HGB_C2_2_pnl.txt,MANUAL-005,적절한 DP 처리 함수 사용,,성능|시스템 부하 및 성능 최적화|적절한 DP 처리 함수 사용_2,Info,54,54,"dpConnect(""CB_check_box"",$SetDP + "".cmd.AUTOSEL.SEL1"",$SetDP + "".cmd.AUTOSEL.SEL2"",$SetDP + "".cmd.AUTOSEL.SEL3"",$SetDP + "".cmd.AUTOSEL.SEL4"",$SetDP + "".cmd.AUTOSEL.SEL5"");","[MANUAL_REVIEW] Raima DB 증가 방지: 1) DP 알람 설정 값 변경 시 dpSetTimed(0, dpe, value)를 사용하였는가? - dpSetTimed를 사용하지 않을 경우 설정 값에 대한 변경 이력이 Raima에 기록되어 Raima DB 증가",True
POP_CTRL_AUTOBACKUP_HGB_C2_2_pnl.txt,MANUAL-005,적절한 DP 처리 함수 사용,,성능|시스템 부하 및 성능 최적화|적절한 DP 처리 함수 사용_2,Info,876,876,"dpConnect(""EP_setBackColorCB"",","[MANUAL_REVIEW] Raima DB 증가 방지: 1) DP 알람 설정 값 변경 시 dpSetTimed(0, dpe, value)를 사용하였는가? - dpSetTimed를 사용하지 않을 경우 설정 값에 대한 변경 이력이 Raima에 기록되어 Raima DB 증가",True
POP_CTRL_AUTOBACKUP_HGB_C2_2_pnl.txt,MANUAL-005,적절한 DP 처리 함수 사용,,성능|시스템 부하 및 성능 최적화|적절한 DP 처리 함수 사용_2,Info,49,49,"dpConnect(""CB_value_textfield"",dp_press_set1);","[MANUAL_REVIEW] Raima DB 증가 방지: 1) DP 알람 설정 값 변경 시 dpSetTimed(0, dpe, value)를 사용하였는가? - dpSetTimed를 사용하지 않을 경우 설정 값에 대한 변경 이력이 Raima에 기록되어 Raima DB 증가",True
POP_CTRL_AUTOBACKUP_HGB_C2_2_pnl.txt,MANUAL-005,적절한 DP 처리 함수 사용,,성능|시스템 부하 및 성능 최적화|적절한 DP 처리 함수 사용_2,Info,1089,1089,"dpConnect(""CB_check_autoAB"",$SetDP + "".cmd.AUTOSEL.SEL1"");","[MANUAL_REVIEW] Raima DB 증가 방지: 1) DP 알람 설정 값 변경 시 dpSetTimed(0, dpe, value)를 사용하였는가? - dpSetTimed를 사용하지 않을 경우 설정 값에 대한 변경 이력이 Raima에 기록되어 Raima DB 증가",True
POP_CTRL_AUTOBACKUP_HGB_C2_2_pnl.txt,MANUAL-005,적절한 DP 처리 함수 사용,,성능|시스템 부하 및 성능 최적화|적절한 DP 처리 함수 사용_2,Info,77,77,"dpConnect(""CB_value_check_box"",dp_fan_vib_invalidity);","[MANUAL_REVIEW] Raima DB 증가 방지: 1) DP 알람 설정 값 변경 시 dpSetTimed(0, dpe, value)를 사용하였는가? - dpSetTimed를 사용하지 않을 경우 설정 값에 대한 변경 이력이 Raima에 기록되어 Raima DB 증가",True
POP_CTRL_AUTOBACKUP_HGB_C2_2_pnl.txt,MANUAL-005,적절한 DP 처리 함수 사용,,성능|시스템 부하 및 성능 최적화|적절한 DP 처리 함수 사용_2,Info,60,60,"//   dpConnect(""CB_value_ractangle_sp"",dpL_hang1_cx);","[MANUAL_REVIEW] Raima DB 증가 방지: 1) DP 알람 설정 값 변경 시 dpSetTimed(0, dpe, value)를 사용하였는가? - dpSetTimed를 사용하지 않을 경우 설정 값에 대한 변경 이력이 Raima에 기록되어 Raima DB 증가",True
POP_CTRL_AUTOBACKUP_HGB_C2_2_pnl.txt,CTL_RES_001,메모리 누수 체크,ctl.dp_connect_pair,성능|시스템 부하 및 성능 최적화|메모리 누수 체크,Medium,49,49,"dpConnect(""CB_value_textfield"",dp_press_set1);",[CTL_RES_001] 위반: 메모리 누수 체크,True
POP_CTRL_AUTOBACKUP_HGB_C2_2_pnl.txt,CTL_RES_001,메모리 누수 체크,ctl.dp_connect_pair,성능|시스템 부하 및 성능 최적화|메모리 누수 체크,Medium,51,51,"dpConnect(""CB_value_textfield"",dp_press_set1_max);",[CTL_RES_001] 위반: 메모리 누수 체크,True
POP_CTRL_AUTOBACKUP_HGB_C2_2_pnl.txt,CTL_RES_001,메모리 누수 체크,ctl.dp_connect_pair,성능|시스템 부하 및 성능 최적화|메모리 누수 체크,Medium,52,52,"dpConnect(""CB_value_textfield"",dp_press_set1_min);",[CTL_RES_001] 위반: 메모리 누수 체크,True
POP_CTRL_AUTOBACKUP_HGB_C2_2_pnl.txt,CTL_RES_001,메모리 누수 체크,ctl.dp_connect_pair,성능|시스템 부하 및 성능 최적화|메모리 누수 체크,Medium,54,54,"dpConnect(""CB_check_box"",$SetDP + "".cmd.AUTOSEL.SEL1"",$SetDP + "".cmd.AUTOSEL.SEL2"",$SetDP + "".cmd.AUTOSEL.SEL3"",$SetDP + "".cmd.AUTOSEL.SEL4"",$SetDP + "".cmd.AUTOSEL.SEL5"");",[CTL_RES_001] 위반: 메모리 누수 체크,True
POP_CTRL_AUTOBACKUP_HGB_C2_2_pnl.txt,CTL_RES_001,메모리 누수 체크,ctl.dp_connect_pair,성능|시스템 부하 및 성능 최적화|메모리 누수 체크,Medium,66,66,"dpConnect(""CB_value_textfield"",dp_hz_set1);",[CTL_RES_001] 위반: 메모리 누수 체크,True
POP_CTRL_AUTOBACKUP_HGB_C2_2_pnl.txt,CTL_RES_001,메모리 누수 체크,ctl.dp_connect_pair,성능|시스템 부하 및 성능 최적화|메모리 누수 체크,Medium,68,68,"dpConnect(""CB_value_textfield"",dp_fan_vib_hilm);",[CTL_RES_001] 위반: 메모리 누수 체크,True
POP_CTRL_AUTOBACKUP_HGB_C2_2_pnl.txt,CTL_RES_001,메모리 누수 체크,ctl.dp_connect_pair,성능|시스템 부하 및 성능 최적화|메모리 누수 체크,Medium,70,70,"dpConnect(""CB_value_textfield"",dp_ad_open_tm_set);",[CTL_RES_001] 위반: 메모리 누수 체크,True
POP_CTRL_AUTOBACKUP_HGB_C2_2_pnl.txt,CTL_RES_001,메모리 누수 체크,ctl.dp_connect_pair,성능|시스템 부하 및 성능 최적화|메모리 누수 체크,Medium,71,71,"dpConnect(""CB_value_textfield"",dp_ad_open_tmlm);",[CTL_RES_001] 위반: 메모리 누수 체크,True
POP_CTRL_AUTOBACKUP_HGB_C2_2_pnl.txt,CTL_RES_001,메모리 누수 체크,ctl.dp_connect_pair,성능|시스템 부하 및 성능 최적화|메모리 누수 체크,Medium,72,72,"dpConnect(""CB_value_textfield"",dp_ad_open_lm);",[CTL_RES_001] 위반: 메모리 누수 체크,True
POP_CTRL_AUTOBACKUP_HGB_C2_2_pnl.txt,CTL_RES_001,메모리 누수 체크,ctl.dp_connect_pair,성능|시스템 부하 및 성능 최적화|메모리 누수 체크,Medium,77,77,"dpConnect(""CB_value_check_box"",dp_fan_vib_invalidity);",[CTL_RES_001] 위반: 메모리 누수 체크,True
POP_CTRL_AUTOBACKUP_HGB_C2_2_pnl.txt,CTL_RES_001,메모리 누수 체크,ctl.dp_connect_pair,성능|시스템 부하 및 성능 최적화|메모리 누수 체크,Medium,876,876,"dpConnect(""EP_setBackColorCB"",",[CTL_RES_001] 위반: 메모리 누수 체크,True
POP_CTRL_AUTOBACKUP_HGB_C2_2_pnl.txt,CTL_RES_001,메모리 누수 체크,ctl.dp_connect_pair,성능|시스템 부하 및 성능 최적화|메모리 누수 체크,Medium,911,911,"dpConnect(""EP_setBackColorCB"",",[CTL_RES_001] 위반: 메모리 누수 체크,True
POP_CTRL_AUTOBACKUP_HGB_C2_2_pnl.txt,CTL_RES_001,메모리 누수 체크,ctl.dp_connect_pair,성능|시스템 부하 및 성능 최적화|메모리 누수 체크,Medium,946,946,"dpConnect(""EP_setBackColorCB"",",[CTL_RES_001] 위반: 메모리 누수 체크,True
POP_CTRL_AUTOBACKUP_HGB_C2_2_pnl.txt,CTL_RES_001,메모리 누수 체크,ctl.dp_connect_pair,성능|시스템 부하 및 성능 최적화|메모리 누수 체크,Medium,1089,1089,"dpConnect(""CB_check_autoAB"",$SetDP + "".cmd.AUTOSEL.SEL1"");",[CTL_RES_001] 위반: 메모리 누수 체크,True
POP_CTRL_AUTOBACKUP_HGB_C2_2_pnl.txt,CTL_RES_001,메모리 누수 체크,ctl.dp_connect_pair,성능|시스템 부하 및 성능 최적화|메모리 누수 체크,Medium,1090,1090,"dpConnect(""CB_check_autoAB"",$SetDP + "".cmd.AUTOSEL.SEL2"");",[CTL_RES_001] 위반: 메모리 누수 체크,True
POP_CTRL_AUTOBACKUP_HGB_C2_2_pnl.txt,CTL_RES_001,메모리 누수 체크,ctl.dp_connect_pair,성능|시스템 부하 및 성능 최적화|메모리 누수 체크,Medium,1091,1091,"dpConnect(""CB_check_autoAB"",$SetDP + "".cmd.AUTOSEL.SEL3"");",[CTL_RES_001] 위반: 메모리 누수 체크,True
POP_CTRL_AUTOBACKUP_HGB_C2_2_pnl.txt,CTL_RES_001,메모리 누수 체크,ctl.dp_connect_pair,성능|시스템 부하 및 성능 최적화|메모리 누수 체크,Medium,1092,1092,"dpConnect(""CB_check_autoAB"",$SetDP + "".cmd.AUTOSEL.SEL4"");",[CTL_RES_001] 위반: 메모리 누수 체크,True
POP_CTRL_AUTOBACKUP_HGB_C2_2_pnl.txt,CTL_RES_001,메모리 누수 체크,ctl.dp_connect_pair,성능|시스템 부하 및 성능 최적화|메모리 누수 체크,Medium,1093,1093,"dpConnect(""CB_check_autoAB"",$SetDP + "".cmd.AUTOSEL.SEL5"");",[CTL_RES_001] 위반: 메모리 누수 체크,True
POP_CTRL_AUTOBACKUP_HGB_C2_2_pnl.txt,CTL_RES_001,메모리 누수 체크,ctl.dp_connect_pair,성능|시스템 부하 및 성능 최적화|메모리 누수 체크,Medium,1153,1153,"dpConnect(""EP_setBackColorCB"",",[CTL_RES_001] 위반: 메모리 누수 체크,True
POP_CTRL_AUTOBACKUP_HGB_C2_2_pnl.txt,CTL_RES_001,메모리 누수 체크,ctl.dp_connect_pair,성능|시스템 부하 및 성능 최적화|메모리 누수 체크,Medium,1196,1196,"dpConnect(""EP_setBackColorCB"",",[CTL_RES_001] 위반: 메모리 누수 체크,True
POP_CTRL_AUTOBACKUP_HGB_C2_2_pnl.txt,CTL_RES_001,메모리 누수 체크,ctl.dp_connect_pair,성능|시스템 부하 및 성능 최적화|메모리 누수 체크,Medium,1266,1266,"dpConnect(""EP_setBackColorCB"",",[CTL_RES_001] 위반: 메모리 누수 체크,True
POP_CTRL_AUTOBACKUP_HGB_C2_2_pnl.txt,CTL_RES_001,메모리 누수 체크,ctl.dp_connect_pair,성능|시스템 부하 및 성능 최적화|메모리 누수 체크,Medium,1307,1307,"dpConnect(""EP_setBackColorCB"",",[CTL_RES_001] 위반: 메모리 누수 체크,True
POP_CTRL_AUTOBACKUP_HGB_C2_2_pnl.txt,CTL_RES_001,메모리 누수 체크,ctl.dp_connect_pair,성능|시스템 부하 및 성능 최적화|메모리 누수 체크,Medium,1342,1342,"dpConnect(""EP_setBackColorCB"",",[CTL_RES_001] 위반: 메모리 누수 체크,True
POP_CTRL_AUTOBACKUP_HGB_C2_2_pnl.txt,CTL_ERR_002,"Try, Catch 예외처리",ctl.try_catch,"공통|예외처리|Try, Catch 예외처리",Medium,691,691,,"[CTL_ERR_002] 위반: Try, Catch 예외처리",True
